Neuron_ID,total_traveling_distance
1,2
2,2
3,2
4,2
5,2
6,2
7,2
8,2
9,2
10,2
11,2
12,2
13,2
14,2
15,2
16,2
17,2
18,2
19,2
20,2
21,2
22,2
23,2
24,2
25,2
26,2
27,2
28,2
29,2
30,2
31,2
32,2
33,2
34,2
35,2
36,2
37,2
38,2
39,2
40,2
41,2
42,2
43,2
44,2
45,2
46,2
47,2
48,2
49,2
50,2
51,2
52,2
53,2
54,2
55,2
56,2
57,2
58,2
59,2
60,2
61,2
62,2
63,2
64,2
65,2
66,2
67,2
68,2
69,2
70,2
71,2
72,2
73,2
74,2
75,2
76,2
77,2
78,2
79,2
80,2
81,2
82,2
83,2
84,2
85,2
86,2
87,2
88,2
89,2
90,2
91,2
92,2
93,2
94,2
95,2
96,2
97,2
98,2
99,2
100,2
101,2
102,2
103,2
104,2
105,2
106,2
107,2
108,2
109,2
110,2
111,2
112,2
113,2
114,2
115,2
116,2
117,2
118,2
119,2
120,2
121,2
122,2
123,2
124,2
125,2
126,2
127,2
128,2
129,2
130,2
131,2
132,2
133,2
134,2
135,2
136,2
137,2
138,2
139,2
140,2
141,2
142,2
143,2
144,2
145,2
146,2
147,2
148,2
149,2
150,2
151,2
152,2
153,2
154,2
155,2
156,2
157,2
158,2
159,2
160,2
161,2
162,2
163,2
164,2
165,2
166,2
167,2
168,2
169,2
170,2
171,2
172,2
173,2
174,2
175,2
176,2
177,2
178,2
179,2
180,2
181,2
182,2
183,2
184,2
185,2
186,2
187,2
188,2
189,2
190,2
191,2
192,2
193,2
194,2
195,2
196,2
197,2
198,2
199,2
200,2
201,2
202,2
203,2
204,2
205,2
206,2
207,2
208,2
209,2
210,2
211,2
212,2
213,2
214,2
215,2
216,2
217,2
218,2
219,2
220,2
221,2
222,2
223,2
224,2
225,2
226,2
227,2
228,2
229,2
230,2
231,2
232,2
233,2
234,2
235,2
236,1
237,1
238,1
239,1
240,1
241,1
242,1
243,1
244,1
245,1
246,1
247,1
248,1
249,1
250,1
251,1
252,1
253,1
254,1
255,1
256,1
257,1
258,1
259,1
260,1
261,1
262,1
263,1
264,1
265,1
266,1
267,1
268,1
269,1
270,1
271,1
272,1
273,1
274,1
275,1
276,1
277,1
278,1
279,1
280,1
281,1
282,1
283,1
284,1
285,1
286,1
287,1
288,1
289,1
290,1
291,1
292,1
293,1
294,1
295,1
296,1
297,1
298,1
299,1
300,1
301,1
302,1
303,1
304,1
305,1
306,1
307,1
308,1
309,1
310,1
311,1
312,1
313,1
314,1
315,1
316,1
317,1
318,1
319,1
320,1
321,1
322,1
323,1
324,1
325,1
326,1
327,1
328,1
329,1
330,1
331,1
332,1
333,1
334,1
335,1
336,1
337,1
338,1
339,1
340,1
341,1
342,1
343,1
344,1
345,1
346,1
347,1
348,1
349,1
350,1
351,1
352,1
353,1
354,1
355,1
356,1
357,1
358,1
359,1
360,1
361,1
362,1
363,1
364,1
365,1
366,1
367,1
368,1
369,1
370,1
371,1
372,1
373,1
374,1
375,1
376,1
377,1
378,1
379,1
380,1
381,1
382,1
383,1
384,1
385,1
386,1
387,1
388,1
389,1
390,1
391,1
392,1
393,1
394,1
395,1
396,1
397,1
398,1
399,1
400,1
401,1
402,1
403,1
404,1
405,1
406,1
407,1
408,1
409,1
410,1
411,1
412,1
413,1
414,1
415,1
416,1
417,1
418,1
419,1
420,1
421,1
422,1
423,1
424,1
425,1
426,1
427,1
428,1
429,1
430,1
431,1
432,1
433,1
434,1
435,1
436,1
437,1
438,1
439,1
440,1
441,1
442,1
443,1
444,1
445,1
446,1
447,1
448,1
449,1
450,1
451,1
452,1
453,1
454,1
455,1
456,1
457,1
458,1
459,1
460,1
461,1
462,1
463,1
464,1
465,1
466,1
467,1
468,1
469,1
470,1
471,0
472,0
473,0
474,0
475,0
476,0
477,0
478,0
479,0
480,0
481,0
482,0
483,0
484,0
485,0
486,0
487,0
488,0
489,0
490,0
491,0
492,0
493,0
494,0
495,0
496,0
497,0
498,0
499,0
500,0
501,0
502,0
503,0
504,0
505,0
506,0
507,0
508,0
509,0
510,0
511,0
512,0
513,0
514,0
515,0
516,0
517,0
518,0
519,0
520,0
521,0
522,0
523,0
524,0
525,0
526,0
527,0
528,0
529,0
530,0
531,0
532,0
533,0
534,0
535,0
536,0
537,0
538,0
539,0
540,0
541,0
542,0
543,0
544,0
545,0
546,0
547,0
548,0
549,0
550,0
551,0
552,0
553,0
554,0
555,0
556,0
557,0
558,0
559,0
560,0
561,0
562,0
563,0
564,0
565,0
566,0
567,0
568,0
569,0
570,0
571,0
572,0
573,0
574,0
575,0
576,0
577,0
578,0
579,0
580,0
581,0
582,0
583,0
584,0
585,0
586,0
587,0
588,0
589,0
590,0
591,0
592,0
593,0
594,0
595,0
596,0
597,0
598,0
599,0
600,0
601,0
602,0
603,0
604,0
605,0
606,0
607,0
608,0
609,0
610,0
611,0
612,0
613,0
614,0
615,0
616,0
617,0
618,0
619,0
620,0
621,0
622,0
623,0
624,0
625,0
626,0
627,0
628,0
629,0
630,0
631,0
632,0
633,0
634,0
635,0
636,0
637,0
638,0
639,0
640,0
641,0
642,0
643,0
644,0
645,0
646,0
647,0
648,0
649,0
650,0
651,0
652,0
653,0
654,0
655,0
656,0
657,0
658,0
659,0
660,0
661,0
662,0
663,0
664,0
665,0
666,0
667,0
668,0
669,0
670,0
671,0
672,0
673,0
674,0
675,0
676,0
677,0
678,0
679,0
680,0
681,0
682,0
683,0
684,2
685,2
686,2
687,2
688,2
689,2
690,2
691,2
692,2
693,2
694,2
695,2
696,2
697,2
698,2
699,2
700,2
701,2
702,2
703,2
704,2
705,2
706,2
707,2
708,2
709,2
710,2
711,2
712,2
713,2
714,2
715,2
716,2
717,2
718,2
719,2
720,2
721,2
722,2
723,2
724,2
725,2
726,2
727,2
728,2
729,2
730,2
731,2
732,2
733,2
734,2
735,2
736,2
737,2
738,2
739,2
740,2
741,2
742,2
743,2
744,2
745,2
746,2
747,2
748,2
749,2
750,2
751,2
752,2
753,2
754,2
755,2
756,2
757,2
758,2
759,2
760,2
761,2
762,2
763,2
764,2
765,2
766,2
767,2
768,2
769,2
770,2
771,2
772,2
773,2
774,2
775,2
776,2
777,2
778,2
779,2
780,2
781,2
782,2
783,2
784,2
785,2
786,2
787,2
788,2
789,2
790,2
791,2
792,2
793,2
794,2
795,2
796,2
797,2
798,2
799,2
800,2
801,2
802,2
803,2
804,2
805,2
806,2
807,2
808,2
809,2
810,2
811,2
812,2
813,2
814,2
815,2
816,2
817,2
818,2
819,2
820,2
821,2
822,2
823,2
824,2
825,2
826,2
827,2
828,2
829,2
830,2
831,2
832,2
833,2
834,2
835,2
836,2
837,2
838,2
839,2
840,2
841,2
842,2
843,2
844,2
845,2
846,2
847,2
848,2
849,2
850,2
851,2
852,2
853,2
854,2
855,2
856,2
857,2
858,2
859,2
860,2
861,2
862,2
863,2
864,2
865,2
866,2
867,2
868,2
869,2
870,2
871,2
872,2
873,2
874,2
875,2
876,2
877,2
878,2
879,2
880,2
881,2
882,2
883,2
884,2
885,2
886,2
887,2
888,2
889,2
890,2
891,2
892,2
893,2
894,2
895,2
896,2
897,2
898,2
899,2
900,2
901,2
902,2
903,2
904,2
905,2
906,2
907,2
908,2
909,2
910,2
911,2
912,2
913,2
914,2
915,2
916,2
917,2
918,5
919,5
920,5
921,5
922,5
923,5
924,5
925,5
926,5
927,5
928,5
929,5
930,5
931,5
932,5
933,5
934,5
935,5
936,5
937,5
938,5
939,5
940,5
941,5
942,5
943,5
944,5
945,5
946,5
947,5
948,5
949,5
950,5
951,5
952,5
953,5
954,5
955,5
956,5
957,5
958,5
959,5
960,5
961,5
962,5
963,5
964,5
965,5
966,5
967,5
968,5
969,5
970,5
971,5
972,5
973,5
974,5
975,5
976,5
977,5
978,5
979,5
980,5
981,5
982,5
983,5
984,5
985,5
986,5
987,5
988,5
989,5
990,5
991,5
992,5
993,5
994,5
995,5
996,5
997,5
998,5
999,5
1000,5
1001,5
1002,5
1003,5
1004,5
1005,5
1006,5
1007,5
1008,5
1009,5
1010,5
1011,5
1012,5
1013,5
1014,5
1015,5
1016,5
1017,5
1018,5
1019,5
1020,5
1021,5
1022,5
1023,5
1024,5
1025,5
1026,5
1027,5
1028,5
1029,5
1030,5
1031,5
1032,5
1033,5
1034,5
1035,5
1036,5
1037,5
1038,5
1039,5
1040,5
1041,5
1042,5
1043,5
1044,5
1045,5
1046,5
1047,5
1048,5
1049,5
1050,5
1051,5
1052,5
1053,5
1054,5
1055,5
1056,5
1057,5
1058,5
1059,5
1060,5
1061,5
1062,5
1063,5
1064,5
1065,5
1066,5
1067,5
1068,5
1069,5
1070,5
1071,5
1072,5
1073,5
1074,5
1075,5
1076,5
1077,5
1078,5
1079,5
1080,5
1081,5
1082,5
1083,5
1084,5
1085,5
1086,5
1087,5
1088,5
1089,5
1090,5
1091,5
1092,5
1093,5
1094,5
1095,5
1096,5
1097,5
1098,5
1099,5
1100,5
1101,5
1102,5
1103,5
1104,5
1105,5
1106,5
1107,5
1108,5
1109,5
1110,5
1111,5
1112,5
1113,5
1114,5
1115,5
1116,5
1117,5
1118,5
1119,5
1120,5
1121,5
1122,5
1123,5
1124,5
1125,5
1126,5
1127,5
1128,5
1129,5
1130,5
1131,5
1132,5
1133,5
1134,5
1135,5
1136,5
1137,5
1138,5
1139,5
1140,5
1141,5
1142,5
1143,5
1144,5
1145,5
1146,5
1147,5
1148,5
1149,5
1150,5
1151,5
1152,5
1153,4
1154,4
1155,4
1156,4
1157,4
1158,4
1159,4
1160,4
1161,4
1162,4
1163,4
1164,4
1165,4
1166,4
1167,4
1168,4
1169,4
1170,4
1171,4
1172,4
1173,4
1174,4
1175,4
1176,4
1177,4
1178,4
1179,4
1180,4
1181,4
1182,4
1183,4
1184,4
1185,4
1186,4
1187,4
1188,4
1189,4
1190,4
1191,4
1192,4
1193,4
1194,4
1195,4
1196,4
1197,4
1198,4
1199,4
1200,4
1201,4
1202,4
1203,4
1204,4
1205,4
1206,4
1207,4
1208,4
1209,4
1210,4
1211,4
1212,4
1213,4
1214,4
1215,4
1216,4
1217,4
1218,4
1219,4
1220,4
1221,4
1222,4
1223,4
1224,4
1225,4
1226,4
1227,4
1228,4
1229,4
1230,4
1231,4
1232,4
1233,4
1234,4
1235,4
1236,4
1237,4
1238,4
1239,4
1240,4
1241,4
1242,4
1243,4
1244,4
1245,4
1246,4
1247,4
1248,4
1249,4
1250,4
1251,4
1252,4
1253,4
1254,4
1255,4
1256,4
1257,4
1258,4
1259,4
1260,4
1261,4
1262,4
1263,4
1264,4
1265,4
1266,4
1267,4
1268,4
1269,4
1270,4
1271,4
1272,4
1273,4
1274,4
1275,4
1276,4
1277,4
1278,4
1279,4
1280,4
1281,4
1282,4
1283,4
1284,4
1285,4
1286,4
1287,4
1288,4
1289,4
1290,4
1291,4
1292,4
1293,4
1294,4
1295,4
1296,4
1297,4
1298,4
1299,4
1300,4
1301,4
1302,4
1303,4
1304,4
1305,4
1306,4
1307,4
1308,4
1309,4
1310,4
1311,4
1312,4
1313,4
1314,4
1315,4
1316,4
1317,4
1318,4
1319,4
1320,4
1321,4
1322,4
1323,4
1324,4
1325,4
1326,4
1327,4
1328,4
1329,4
1330,4
1331,4
1332,4
1333,4
1334,4
1335,4
1336,4
1337,4
1338,4
1339,4
1340,4
1341,4
1342,4
1343,4
1344,4
1345,4
1346,4
1347,4
1348,4
1349,4
1350,4
1351,4
1352,4
1353,4
1354,4
1355,4
1356,4
1357,4
1358,4
1359,4
1360,4
1361,4
1362,4
1363,4
1364,4
1365,4
1366,4
1367,2
1368,2
1369,2
1370,2
1371,2
1372,2
1373,2
1374,2
1375,2
1376,2
1377,2
1378,2
1379,2
1380,2
1381,2
1382,2
1383,2
1384,2
1385,2
1386,2
1387,2
1388,2
1389,2
1390,2
1391,2
1392,2
1393,2
1394,2
1395,2
1396,2
1397,2
1398,2
1399,2
1400,2
1401,2
1402,2
1403,2
1404,2
1405,2
1406,2
1407,2
1408,2
1409,2
1410,2
1411,2
1412,2
1413,2
1414,2
1415,2
1416,2
1417,2
1418,2
1419,2
1420,2
1421,2
1422,2
1423,2
1424,2
1425,2
1426,2
1427,2
1428,2
1429,2
1430,2
1431,2
1432,2
1433,2
1434,2
1435,2
1436,2
1437,2
1438,2
1439,2
1440,2
1441,2
1442,2
1443,2
1444,2
1445,2
1446,2
1447,2
1448,2
1449,2
1450,2
1451,2
1452,2
1453,2
1454,2
1455,2
1456,2
1457,2
1458,2
1459,2
1460,2
1461,2
1462,2
1463,2
1464,2
1465,2
1466,2
1467,2
1468,2
1469,2
1470,2
1471,2
1472,2
1473,2
1474,2
1475,2
1476,2
1477,2
1478,2
1479,2
1480,2
1481,2
1482,2
1483,2
1484,2
1485,2
1486,2
1487,2
1488,2
1489,2
1490,2
1491,2
1492,2
1493,2
1494,2
1495,2
1496,3
1497,3
1498,3
1499,3
1500,3
1501,3
1502,3
1503,3
1504,3
1505,3
1506,3
1507,3
1508,3
1509,3
1510,3
1511,3
1512,3
1513,3
1514,3
1515,3
1516,3
1517,3
1518,3
1519,3
1520,3
1521,3
1522,3
1523,3
1524,3
1525,3
1526,3
1527,3
1528,3
1529,3
1530,3
1531,3
1532,3
1533,3
1534,3
1535,3
1536,3
1537,3
1538,3
1539,3
1540,3
1541,3
1542,3
1543,3
1544,3
1545,3
1546,3
1547,3
1548,3
1549,3
1550,3
1551,3
1552,3
1553,3
1554,3
1555,3
1556,3
1557,3
1558,3
1559,3
1560,3
1561,3
1562,3
1563,3
1564,3
1565,3
1566,3
1567,3
1568,3
1569,3
1570,3
1571,3
1572,3
1573,3
1574,3
1575,3
1576,3
1577,3
1578,3
1579,3
1580,3
1581,3
1582,3
1583,3
1584,3
1585,3
1586,3
1587,3
1588,3
1589,3
1590,3
1591,3
1592,3
1593,3
1594,3
1595,3
1596,3
1597,3
1598,3
1599,3
1600,3
1601,3
1602,3
1603,3
1604,3
1605,3
1606,3
1607,3
1608,3
1609,3
1610,3
1611,3
1612,3
1613,3
1614,3
1615,3
1616,3
1617,3
1618,3
1619,3
1620,3
1621,3
1622,3
1623,3
1624,3
1625,3
1626,3
1627,3
1628,3
1629,3
1630,3
1631,3
1632,3
1633,3
1634,3
1635,3
1636,3
1637,3
1638,3
1639,3
1640,3
1641,3
1642,3
1643,3
1644,3
1645,3
1646,3
1647,3
1648,3
1649,3
1650,3
1651,3
1652,3
1653,3
1654,3
1655,3
1656,3
1657,3
1658,3
1659,3
1660,3
1661,3
1662,3
1663,3
1664,3
1665,3
1666,3
1667,3
1668,3
1669,3
1670,3
1671,3
1672,3
1673,3
1674,3
1675,3
1676,3
1677,3
1678,3
1679,3
1680,3
1681,3
1682,3
1683,3
1684,3
1685,3
1686,3
1687,3
1688,3
1689,3
1690,3
1691,3
1692,3
1693,3
1694,3
1695,3
1696,3
1697,3
1698,3
1699,3
1700,3
1701,3
1702,3
1703,3
1704,3
1705,3
1706,3
1707,3
1708,3
1709,3
1710,3
1711,3
1712,3
1713,3
1714,3
1715,3
1716,3
1717,3
1718,3
1719,3
1720,3
1721,3
1722,3
1723,3
1724,3
1725,3
1726,3
1727,3
1728,3
1729,3
1730,3
1731,3
1732,3
1733,3
1734,3
1735,3
1736,3
1737,3
1738,3
1739,3
1740,3
1741,3
1742,3
1743,3
1744,3
1745,3
1746,3
1747,3
1748,3
1749,3
1750,3
1751,3
1752,3
1753,3
1754,3
1755,3
1756,3
1757,3
1758,3
1759,3
1760,3
1761,3
1762,3
1763,3
1764,3
1765,3
1766,3
1767,3
1768,3
1769,3
1770,3
1771,3
1772,3
1773,3
1774,3
1775,3
1776,3
1777,3
1778,3
1779,3
1780,3
1781,3
1782,3
1783,3
1784,3
1785,3
1786,3
1787,3
1788,3
1789,3
1790,3
1791,3
1792,3
1793,3
1794,3
1795,3
1796,3
1797,3
1798,3
1799,3
1800,3
1801,3
1802,3
1803,3
1804,3
1805,3
1806,3
1807,3
1808,3
1809,3
1810,3
1811,3
1812,3
1813,3
1814,3
1815,3
1816,3
1817,3
1818,3
1819,3
1820,3
1821,3
1822,3
1823,3
1824,3
1825,3
1826,3
1827,3
1828,3
1829,3
1830,3
1831,3
1832,3
1833,3
1834,3
1835,3
1836,3
1837,3
1838,3
1839,3
1840,3
1841,3
1842,3
1843,3
1844,3
1845,3
1846,3
1847,3
1848,3
1849,3
1850,3
1851,3
1852,3
1853,3
1854,3
1855,3
1856,3
1857,3
1858,3
1859,3
1860,3
1861,3
1862,3
1863,3
1864,3
1865,3
1866,3
1867,3
1868,3
1869,3
1870,3
1871,3
1872,3
1873,3
1874,3
1875,3
1876,3
1877,3
1878,3
1879,3
1880,3
1881,3
1882,3
1883,3
1884,3
1885,3
1886,3
1887,3
1888,3
1889,3
1890,3
1891,3
1892,3
1893,3
1894,3
1895,3
1896,3
1897,3
1898,3
1899,3
1900,3
1901,3
1902,3
1903,3
1904,3
1905,3
1906,3
1907,3
1908,3
1909,3
1910,3
1911,3
1912,3
1913,3
1914,3
1915,3
1916,3
1917,3
1918,3
1919,3
1920,3
1921,3
1922,3
1923,3
1924,3
1925,3
1926,3
1927,3
1928,3
1929,3
1930,3
1931,3
1932,3
1933,3
1934,3
1935,3
1936,3
1937,3
1938,3
1939,3
1940,3
1941,3
1942,3
1943,3
1944,3
1945,3
1946,3
1947,3
1948,3
1949,3
1950,3
1951,3
1952,3
1953,3
1954,3
1955,3
1956,3
1957,3
1958,3
1959,3
1960,3
1961,3
1962,3
1963,3
1964,3
1965,3
1966,2
1967,2
1968,2
1969,2
1970,2
1971,2
1972,2
1973,2
1974,2
1975,2
1976,2
1977,2
1978,2
1979,2
1980,2
1981,2
1982,2
1983,2
1984,2
1985,2
1986,2
1987,2
1988,2
1989,2
1990,2
1991,2
1992,2
1993,2
1994,2
1995,2
1996,2
1997,2
1998,2
1999,2
2000,2
2001,2
2002,2
2003,2
2004,2
2005,2
2006,2
2007,2
2008,2
2009,2
2010,2
2011,2
2012,2
2013,2
2014,2
2015,2
2016,2
2017,2
2018,2
2019,2
2020,2
2021,2
2022,2
2023,2
2024,2
2025,2
2026,2
2027,2
2028,2
2029,2
2030,2
2031,2
2032,2
2033,2
2034,2
2035,2
2036,2
2037,2
2038,2
2039,2
2040,2
2041,2
2042,2
2043,2
2044,2
2045,2
2046,2
2047,2
2048,2
2049,2
2050,2
2051,2
2052,2
2053,2
2054,2
2055,2
2056,2
2057,2
2058,2
2059,2
2060,2
2061,2
2062,2
2063,2
2064,2
2065,2
2066,2
2067,2
2068,2
2069,2
2070,2
2071,2
2072,2
2073,2
2074,2
2075,2
2076,2
2077,2
2078,2
2079,2
2080,2
2081,2
2082,2
2083,2
2084,2
2085,2
2086,2
2087,3
2088,3
2089,3
2090,3
2091,3
2092,3
2093,3
2094,3
2095,3
2096,3
2097,3
2098,3
2099,3
2100,3
2101,3
2102,3
2103,3
2104,3
2105,3
2106,3
2107,3
2108,3
2109,3
2110,3
2111,3
2112,3
2113,3
2114,3
2115,3
2116,3
2117,3
2118,3
2119,3
2120,3
2121,3
2122,3
2123,3
2124,3
2125,3
2126,3
2127,3
2128,3
2129,3
2130,3
2131,3
2132,3
2133,3
2134,3
2135,3
2136,3
2137,3
2138,3
2139,3
2140,3
2141,3
2142,3
2143,3
2144,3
2145,3
2146,3
2147,3
2148,3
2149,3
2150,3
2151,3
2152,3
2153,3
2154,3
2155,3
2156,3
2157,3
2158,3
2159,3
2160,3
2161,3
2162,3
2163,3
2164,3
2165,3
2166,3
2167,3
2168,3
2169,3
2170,3
2171,3
2172,3
2173,3
2174,3
2175,3
2176,3
2177,3
2178,3
2179,3
2180,3
2181,3
2182,3
2183,3
2184,3
2185,3
2186,3
2187,3
2188,3
2189,3
2190,3
2191,3
2192,3
2193,3
2194,3
2195,3
2196,3
2197,3
2198,3
2199,3
2200,3
2201,3
2202,3
2203,3
2204,3
2205,3
2206,3
2207,3
2208,3
2209,3
2210,3
2211,3
2212,3
2213,3
2214,3
2215,3
2216,3
2217,3
2218,3
2219,3
2220,3
2221,3
2222,3
2223,3
2224,3
2225,3
2226,3
2227,3
2228,3
2229,3
2230,3
2231,3
2232,3
2233,3
2234,3
2235,3
2236,3
2237,3
2238,3
2239,3
2240,3
2241,3
2242,3
2243,3
2244,3
2245,3
2246,3
2247,3
2248,3
2249,3
2250,3
2251,3
2252,3
2253,3
2254,3
2255,3
2256,3
2257,3
2258,3
2259,3
2260,3
2261,3
2262,3
2263,3
2264,3
2265,3
2266,3
2267,3
2268,3
2269,3
2270,3
2271,3
2272,3
2273,3
2274,3
2275,3
2276,3
2277,3
2278,3
2279,3
2280,3
2281,3
2282,3
2283,3
2284,3
2285,3
2286,3
2287,3
2288,3
2289,3
2290,3
2291,3
2292,5
2293,5
2294,5
2295,5
2296,5
2297,5
2298,5
2299,5
2300,5
2301,5
2302,5
2303,5
2304,5
2305,5
2306,5
2307,5
2308,5
2309,5
2310,5
2311,5
2312,5
2313,5
2314,5
2315,5
2316,5
2317,5
2318,5
2319,5
2320,5
2321,5
2322,5
2323,5
2324,5
2325,5
2326,5
2327,5
2328,5
2329,5
2330,5
2331,5
2332,5
2333,5
2334,5
2335,5
2336,5
2337,5
2338,5
2339,5
2340,5
2341,5
2342,5
2343,5
2344,5
2345,5
2346,5
2347,5
2348,5
2349,5
2350,5
2351,5
2352,5
2353,5
2354,5
2355,5
2356,5
2357,5
2358,5
2359,5
2360,5
2361,5
2362,5
2363,5
2364,5
2365,5
2366,5
2367,5
2368,5
2369,5
2370,5
2371,5
2372,5
2373,5
2374,5
2375,5
2376,5
2377,5
2378,5
2379,5
2380,5
2381,5
2382,5
2383,5
2384,5
2385,5
2386,5
2387,5
2388,5
2389,5
2390,5
2391,5
2392,5
2393,5
2394,5
2395,5
2396,5
2397,5
2398,5
2399,5
2400,5
2401,5
2402,5
2403,5
2404,5
2405,5
2406,5
2407,5
2408,5
2409,5
2410,5
2411,5
2412,5
2413,5
2414,5
2415,5
2416,5
2417,5
2418,5
2419,5
2420,5
2421,5
2422,5
2423,5
2424,5
2425,5
2426,5
2427,5
2428,5
2429,5
2430,5
2431,5
2432,5
2433,5
2434,5
2435,5
2436,5
2437,5
2438,5
2439,5
2440,5
2441,5
2442,5
2443,5
2444,5
2445,5
2446,5
2447,5
2448,5
2449,5
2450,5
2451,5
2452,5
2453,5
2454,5
2455,5
2456,5
2457,5
2458,5
2459,5
2460,5
2461,5
2462,5
2463,5
2464,5
2465,5
2466,5
2467,5
2468,5
2469,5
2470,5
2471,5
2472,5
2473,5
2474,5
2475,5
2476,5
2477,5
2478,5
2479,5
2480,5
2481,5
2482,5
2483,5
2484,5
2485,5
2486,5
2487,5
2488,5
2489,5
2490,5
2491,5
2492,5
2493,5
2494,5
2495,5
2496,5
2497,5
2498,5
2499,5
2500,5
2501,5
2502,5
2503,5
2504,5
2505,5
2506,5
2507,5
2508,5
2509,5
2510,5
2511,5
2512,5
2513,5
2514,5
2515,5
2516,5
2517,5
2518,5
2519,5
2520,5
2521,5
2522,5
2523,5
2524,5
2525,5
2526,5
2527,5
2528,5
2529,5
2530,5
2531,5
2532,5
2533,5
2534,5
2535,5
2536,5
2537,5
2538,5
2539,5
2540,5
2541,5
2542,5
2543,5
2544,5
2545,5
2546,5
2547,5
2548,5
2549,5
2550,5
2551,5
2552,5
2553,5
2554,5
2555,5
2556,5
2557,5
2558,5
2559,5
2560,5
2561,5
2562,5
2563,5
2564,5
2565,5
2566,5
2567,5
2568,5
2569,5
2570,5
2571,5
2572,5
2573,5
2574,5
2575,5
2576,5
2577,5
2578,5
2579,5
2580,5
2581,5
2582,5
2583,5
2584,5
2585,5
2586,5
2587,5
2588,5
2589,5
2590,5
2591,5
2592,5
2593,5
2594,5
2595,5
2596,5
2597,5
2598,5
2599,5
2600,5
2601,5
2602,5
2603,5
2604,5
2605,5
2606,5
2607,5
2608,5
2609,5
2610,5
2611,5
2612,5
2613,5
2614,5
2615,5
2616,5
2617,5
2618,5
2619,5
2620,5
2621,5
2622,5
2623,5
2624,5
2625,5
2626,5
2627,5
2628,5
2629,5
2630,5
2631,5
2632,5
2633,5
2634,5
2635,5
2636,5
2637,5
2638,5
2639,5
2640,5
2641,5
2642,5
2643,5
2644,5
2645,5
2646,5
2647,5
2648,5
2649,5
2650,5
2651,5
2652,5
2653,5
2654,5
2655,5
2656,5
2657,5
2658,5
2659,5
2660,5
2661,5
2662,5
2663,5
2664,5
2665,5
2666,5
2667,5
2668,5
2669,5
2670,5
2671,5
2672,5
2673,5
2674,5
2675,5
2676,5
2677,5
2678,5
2679,5
2680,5
2681,5
2682,5
2683,5
2684,5
2685,5
2686,5
2687,5
2688,5
2689,5
2690,5
2691,5
2692,5
2693,5
2694,5
2695,5
2696,5
2697,5
2698,5
2699,5
2700,5
2701,5
2702,5
2703,5
2704,5
2705,5
2706,5
2707,5
2708,5
2709,5
2710,5
2711,5
2712,5
2713,5
2714,5
2715,5
2716,5
2717,5
2718,5
2719,5
2720,5
2721,5
2722,5
2723,5
2724,5
2725,5
2726,5
2727,5
2728,5
2729,5
2730,5
2731,5
2732,5
2733,5
2734,5
2735,5
2736,5
2737,5
2738,5
2739,5
2740,5
2741,5
2742,5
2743,5
2744,5
2745,5
2746,5
2747,5
2748,5
2749,5
2750,5
2751,5
2752,5
2753,5
2754,5
2755,5
2756,5
2757,5
2758,5
2759,5
2760,5
2761,5
2762,4
2763,4
2764,4
2765,4
2766,4
2767,4
2768,4
2769,4
2770,4
2771,4
2772,4
2773,4
2774,4
2775,4
2776,4
2777,4
2778,4
2779,4
2780,4
2781,4
2782,4
2783,4
2784,4
2785,4
2786,4
2787,4
2788,4
2789,4
2790,4
2791,4
2792,4
2793,4
2794,4
2795,4
2796,4
2797,4
2798,4
2799,4
2800,4
2801,4
2802,4
2803,4
2804,4
2805,4
2806,4
2807,4
2808,4
2809,4
2810,4
2811,4
2812,4
2813,4
2814,4
2815,4
2816,4
2817,4
2818,4
2819,4
2820,4
2821,4
2822,4
2823,4
2824,4
2825,4
2826,4
2827,4
2828,4
2829,4
2830,4
2831,4
2832,4
2833,4
2834,4
2835,4
2836,4
2837,4
2838,4
2839,4
2840,4
2841,4
2842,4
2843,4
2844,4
2845,4
2846,4
2847,4
2848,4
2849,4
2850,4
2851,4
2852,4
2853,4
2854,4
2855,4
2856,4
2857,4
2858,4
2859,4
2860,4
2861,4
2862,4
2863,4
2864,4
2865,4
2866,4
2867,4
2868,4
2869,4
2870,4
2871,4
2872,4
2873,4
2874,4
2875,4
2876,4
2877,4
2878,4
2879,4
2880,4
2881,4
2882,4
2883,4
2884,4
2885,4
2886,4
2887,4
2888,4
2889,4
2890,4
2891,4
2892,4
2893,4
2894,4
2895,4
2896,4
2897,4
2898,4
2899,4
2900,4
2901,4
2902,4
2903,4
2904,4
2905,4
2906,4
2907,4
2908,4
2909,4
2910,4
2911,4
2912,4
2913,4
2914,4
2915,4
2916,4
2917,4
2918,4
2919,4
2920,4
2921,4
2922,4
2923,4
2924,4
2925,4
2926,4
2927,4
2928,4
2929,4
2930,4
2931,4
2932,4
2933,4
2934,4
2935,4
2936,4
2937,4
2938,4
2939,4
2940,4
2941,4
2942,4
2943,4
2944,4
2945,4
2946,4
2947,4
2948,4
2949,4
2950,4
2951,4
2952,4
2953,4
2954,4
2955,4
2956,4
2957,4
2958,4
2959,4
2960,4
2961,4
2962,4
2963,4
2964,4
2965,4
2966,4
2967,4
2968,4
2969,4
2970,4
2971,4
2972,4
2973,4
2974,4
2975,4
2976,4
2977,4
2978,4
2979,4
2980,4
2981,4
2982,4
2983,4
2984,4
2985,4
2986,4
2987,4
2988,4
2989,4
2990,4
2991,4
2992,4
2993,4
2994,4
2995,4
2996,4
2997,4
2998,4
2999,4
3000,4
3001,4
3002,4
3003,4
3004,4
3005,4
3006,4
3007,4
3008,4
3009,4
3010,4
3011,4
3012,4
3013,4
3014,4
3015,4
3016,4
3017,4
3018,4
3019,4
3020,4
3021,4
3022,4
3023,4
3024,4
3025,4
3026,4
3027,4
3028,4
3029,4
3030,4
3031,4
3032,4
3033,4
3034,4
3035,4
3036,4
3037,4
3038,4
3039,4
3040,4
3041,4
3042,4
3043,4
3044,4
3045,4
3046,4
3047,4
3048,4
3049,4
3050,4
3051,4
3052,4
3053,4
3054,4
3055,4
3056,4
3057,4
3058,4
3059,4
3060,4
3061,4
3062,4
3063,4
3064,4
3065,4
3066,4
3067,4
3068,4
3069,4
3070,4
3071,4
3072,4
3073,4
3074,4
3075,4
3076,4
3077,4
3078,4
3079,4
3080,4
3081,4
3082,4
3083,4
3084,4
3085,4
3086,4
3087,4
3088,4
3089,4
3090,4
3091,4
3092,4
3093,4
3094,4
3095,4
3096,4
3097,4
3098,4
3099,4
3100,4
3101,4
3102,4
3103,4
3104,4
3105,4
3106,4
3107,4
3108,4
3109,4
3110,4
3111,4
3112,4
3113,4
3114,4
3115,4
3116,4
3117,4
3118,4
3119,4
3120,4
3121,4
3122,4
3123,4
3124,4
3125,4
3126,4
3127,4
3128,4
3129,4
3130,4
3131,4
3132,4
3133,4
3134,4
3135,4
3136,4
3137,4
3138,4
3139,4
3140,4
3141,4
3142,4
3143,4
3144,4
3145,4
3146,4
3147,4
3148,4
3149,4
3150,4
3151,4
3152,4
3153,4
3154,4
3155,4
3156,4
3157,4
3158,4
3159,4
3160,4
3161,4
3162,4
3163,4
3164,8
3165,8
3166,8
3167,8
3168,8
3169,8
3170,8
3171,8
3172,8
3173,8
3174,8
3175,8
3176,8
3177,8
3178,8
3179,8
3180,8
3181,8
3182,8
3183,8
3184,8
3185,8
3186,8
3187,8
3188,8
3189,8
3190,8
3191,8
3192,8
3193,8
3194,8
3195,8
3196,8
3197,8
3198,8
3199,8
3200,8
3201,8
3202,8
3203,8
3204,8
3205,8
3206,8
3207,8
3208,8
3209,8
3210,8
3211,8
3212,8
3213,8
3214,8
3215,8
3216,8
3217,8
3218,8
3219,8
3220,8
3221,8
3222,8
3223,8
3224,8
3225,8
3226,8
3227,8
3228,8
3229,8
3230,8
3231,8
3232,8
3233,8
3234,8
3235,8
3236,8
3237,8
3238,8
3239,8
3240,8
3241,8
3242,8
3243,8
3244,8
3245,8
3246,8
3247,8
3248,8
3249,8
3250,8
3251,8
3252,8
3253,8
3254,8
3255,8
3256,8
3257,8
3258,8
3259,8
3260,8
3261,8
3262,8
3263,8
3264,8
3265,8
3266,8
3267,8
3268,8
3269,8
3270,8
3271,8
3272,8
3273,8
3274,8
3275,8
3276,8
3277,8
3278,8
3279,8
3280,8
3281,8
3282,8
3283,8
3284,8
3285,8
3286,8
3287,8
3288,8
3289,8
3290,8
3291,8
3292,8
3293,8
3294,8
3295,8
3296,8
3297,8
3298,8
3299,8
3300,8
3301,8
3302,8
3303,8
3304,8
3305,8
3306,8
3307,8
3308,8
3309,8
3310,8
3311,8
3312,8
3313,8
3314,8
3315,8
3316,8
3317,8
3318,8
3319,8
3320,8
3321,8
3322,8
3323,8
3324,8
3325,8
3326,8
3327,8
3328,8
3329,8
3330,8
3331,8
3332,8
3333,8
3334,8
3335,8
3336,8
3337,8
3338,8
3339,8
3340,8
3341,8
3342,8
3343,8
3344,8
3345,8
3346,8
3347,8
3348,8
3349,8
3350,8
3351,8
3352,8
3353,8
3354,8
3355,8
3356,8
3357,8
3358,8
3359,8
3360,8
3361,8
3362,8
3363,8
3364,8
3365,8
3366,8
3367,8
3368,8
3369,8
3370,8
3371,8
3372,8
3373,8
3374,8
3375,8
3376,8
3377,8
3378,8
3379,8
3380,8
3381,8
3382,8
3383,8
3384,8
3385,8
3386,8
3387,8
3388,8
3389,8
3390,8
3391,8
3392,8
3393,8
3394,8
3395,8
3396,8
3397,8
3398,8
3399,5
3400,5
3401,5
3402,5
3403,5
3404,5
3405,5
3406,5
3407,5
3408,5
3409,5
3410,5
3411,5
3412,5
3413,5
3414,5
3415,5
3416,5
3417,5
3418,5
3419,5
3420,5
3421,5
3422,5
3423,5
3424,5
3425,5
3426,5
3427,5
3428,5
3429,5
3430,5
3431,5
3432,5
3433,5
3434,5
3435,5
3436,5
3437,5
3438,5
3439,5
3440,5
3441,5
3442,5
3443,5
3444,5
3445,5
3446,5
3447,5
3448,5
3449,5
3450,5
3451,5
3452,5
3453,5
3454,5
3455,5
3456,5
3457,5
3458,5
3459,5
3460,5
3461,5
3462,5
3463,5
3464,5
3465,5
3466,5
3467,5
3468,5
3469,5
3470,5
3471,5
3472,5
3473,5
3474,5
3475,5
3476,5
3477,5
3478,5
3479,5
3480,5
3481,5
3482,5
3483,5
3484,5
3485,5
3486,5
3487,5
3488,5
3489,5
3490,5
3491,5
3492,5
3493,5
3494,5
3495,5
3496,5
3497,5
3498,5
3499,5
3500,5
3501,5
3502,5
3503,5
3504,5
3505,5
3506,5
3507,5
3508,5
3509,5
3510,5
3511,5
3512,5
3513,5
3514,5
3515,5
3516,5
3517,5
3518,5
3519,5
3520,5
3521,5
3522,5
3523,5
3524,5
3525,5
3526,5
3527,5
3528,5
3529,5
3530,5
3531,5
3532,5
3533,5
3534,5
3535,5
3536,5
3537,5
3538,5
3539,5
3540,5
3541,5
3542,5
3543,5
3544,5
3545,5
3546,5
3547,5
3548,5
3549,5
3550,5
3551,5
3552,5
3553,5
3554,5
3555,5
3556,5
3557,5
3558,5
3559,5
3560,5
3561,5
3562,5
3563,5
3564,5
3565,5
3566,5
3567,5
3568,5
3569,5
3570,5
3571,5
3572,5
3573,5
3574,5
3575,5
3576,5
3577,5
3578,5
3579,5
3580,5
3581,5
3582,5
3583,5
3584,5
3585,5
3586,5
3587,5
3588,5
3589,5
3590,5
3591,5
3592,5
3593,5
3594,5
3595,5
3596,5
3597,5
3598,5
3599,5
3600,5
3601,5
3602,5
3603,5
3604,5
3605,5
3606,5
3607,5
3608,5
3609,5
3610,5
3611,5
3612,5
3613,5
3614,5
3615,5
3616,5
3617,5
3618,5
3619,5
3620,5
3621,5
3622,5
3623,5
3624,5
3625,5
3626,5
3627,5
3628,5
3629,5
3630,5
3631,5
3632,5
3633,5
3634,5
3635,5
3636,5
3637,5
3638,5
3639,5
3640,5
3641,5
3642,5
3643,5
3644,5
3645,5
3646,5
3647,5
3648,5
3649,5
3650,5
3651,5
3652,5
3653,5
3654,5
3655,5
3656,5
3657,5
3658,5
3659,5
3660,5
3661,5
3662,5
3663,5
3664,5
3665,5
3666,5
3667,5
3668,5
3669,5
3670,5
3671,5
3672,5
3673,5
3674,5
3675,5
3676,5
3677,5
3678,5
3679,5
3680,5
3681,5
3682,5
3683,5
3684,5
3685,5
3686,5
3687,5
3688,5
3689,5
3690,5
3691,5
3692,5
3693,5
3694,5
3695,5
3696,5
3697,5
3698,5
3699,5
3700,5
3701,5
3702,5
3703,5
3704,5
3705,5
3706,5
3707,5
3708,5
3709,5
3710,5
3711,5
3712,5
3713,5
3714,5
3715,5
3716,5
3717,5
3718,5
3719,5
3720,5
3721,5
3722,5
3723,5
3724,5
3725,5
3726,5
3727,5
3728,5
3729,5
3730,5
3731,5
3732,5
3733,5
3734,5
3735,5
3736,5
3737,5
3738,5
3739,5
3740,5
3741,5
3742,5
3743,5
3744,5
3745,5
3746,5
3747,5
3748,5
3749,5
3750,5
3751,5
3752,5
3753,5
3754,5
3755,5
3756,5
3757,5
3758,5
3759,5
3760,5
3761,5
3762,5
3763,5
3764,5
3765,5
3766,5
3767,5
3768,5
3769,5
3770,5
3771,5
3772,5
3773,5
3774,5
3775,5
3776,5
3777,5
3778,5
3779,5
3780,5
3781,5
3782,5
3783,5
3784,5
3785,5
3786,5
3787,5
3788,5
3789,5
3790,5
3791,5
3792,5
3793,5
3794,5
3795,5
3796,5
3797,5
3798,5
3799,5
3800,5
3801,5
3802,5
3803,5
3804,5
3805,5
3806,5
3807,5
3808,5
3809,5
3810,5
3811,5
3812,5
3813,5
3814,5
3815,5
3816,5
3817,5
3818,5
3819,5
3820,5
3821,5
3822,5
3823,5
3824,5
3825,5
3826,5
3827,5
3828,5
3829,5
3830,5
3831,5
3832,5
3833,5
3834,5
3835,5
3836,5
3837,5
3838,5
3839,5
3840,5
3841,5
3842,5
3843,5
3844,5
3845,5
3846,5
3847,5
3848,5
3849,5
3850,5
3851,5
3852,5
3853,5
3854,5
3855,5
3856,5
3857,5
3858,5
3859,5
3860,5
3861,5
3862,5
3863,5
3864,5
3865,5
3866,5
3867,5
3868,5
3869,7
3870,7
3871,7
3872,7
3873,7
3874,7
3875,7
3876,7
3877,7
3878,7
3879,7
3880,7
3881,7
3882,7
3883,7
3884,7
3885,7
3886,7
3887,7
3888,7
3889,7
3890,7
3891,7
3892,7
3893,7
3894,7
3895,7
3896,7
3897,7
3898,7
3899,7
3900,7
3901,7
3902,7
3903,7
3904,7
3905,7
3906,7
3907,7
3908,7
3909,7
3910,7
3911,7
3912,7
3913,7
3914,7
3915,7
3916,7
3917,7
3918,7
3919,7
3920,7
3921,7
3922,7
3923,7
3924,7
3925,7
3926,7
3927,7
3928,7
3929,7
3930,7
3931,7
3932,7
3933,7
3934,7
3935,7
3936,7
3937,7
3938,7
3939,7
3940,7
3941,7
3942,7
3943,7
3944,7
3945,7
3946,7
3947,7
3948,7
3949,7
3950,7
3951,7
3952,7
3953,7
3954,7
3955,7
3956,7
3957,7
3958,7
3959,7
3960,7
3961,7
3962,7
3963,7
3964,7
3965,7
3966,7
3967,7
3968,7
3969,7
3970,7
3971,7
3972,7
3973,7
3974,7
3975,7
3976,7
3977,7
3978,7
3979,7
3980,7
3981,7
3982,7
3983,7
3984,7
3985,7
3986,7
3987,7
3988,7
3989,7
3990,7
3991,7
3992,7
3993,7
3994,7
3995,7
3996,7
3997,7
3998,7
3999,7
4000,7
4001,7
4002,7
4003,7
4004,7
4005,7
4006,7
4007,7
4008,7
4009,7
4010,7
4011,7
4012,7
4013,7
4014,7
4015,7
4016,7
4017,7
4018,7
4019,7
4020,7
4021,7
4022,7
4023,7
4024,7
4025,7
4026,7
4027,7
4028,7
4029,7
4030,7
4031,7
4032,7
4033,7
4034,7
4035,7
4036,7
4037,7
4038,7
4039,7
4040,7
4041,7
4042,7
4043,7
4044,7
4045,7
4046,7
4047,7
4048,7
4049,7
4050,7
4051,7
4052,7
4053,7
4054,7
4055,7
4056,7
4057,7
4058,7
4059,7
4060,7
4061,7
4062,7
4063,7
4064,7
4065,7
4066,7
4067,7
4068,7
4069,7
4070,7
4071,7
4072,7
4073,7
4074,7
4075,7
4076,7
4077,7
4078,7
4079,7
4080,7
4081,7
4082,7
4083,7
4084,7
4085,7
4086,7
4087,7
4088,7
4089,7
4090,7
4091,7
4092,7
4093,7
4094,7
4095,7
4096,7
4097,7
4098,7
4099,7
4100,7
4101,7
4102,7
4103,7
4104,6
4105,6
4106,6
4107,6
4108,6
4109,6
4110,6
4111,6
4112,6
4113,6
4114,6
4115,6
4116,6
4117,6
4118,6
4119,6
4120,6
4121,6
4122,6
4123,6
4124,6
4125,6
4126,6
4127,6
4128,6
4129,6
4130,6
4131,6
4132,6
4133,6
4134,6
4135,6
4136,6
4137,6
4138,6
4139,6
4140,6
4141,6
4142,6
4143,6
4144,6
4145,6
4146,6
4147,6
4148,6
4149,6
4150,6
4151,6
4152,6
4153,6
4154,6
4155,6
4156,6
4157,6
4158,6
4159,6
4160,6
4161,6
4162,6
4163,6
4164,6
4165,6
4166,6
4167,6
4168,6
4169,6
4170,6
4171,6
4172,6
4173,6
4174,6
4175,6
4176,6
4177,6
4178,6
4179,6
4180,6
4181,6
4182,6
4183,6
4184,6
4185,6
4186,6
4187,6
4188,6
4189,6
4190,6
4191,6
4192,6
4193,6
4194,6
4195,6
4196,6
4197,6
4198,6
4199,6
4200,6
4201,6
4202,6
4203,6
4204,6
4205,6
4206,6
4207,6
4208,6
4209,6
4210,6
4211,6
4212,6
4213,6
4214,6
4215,6
4216,6
4217,6
4218,6
4219,6
4220,6
4221,6
4222,6
4223,6
4224,6
4225,6
4226,6
4227,6
4228,6
4229,6
4230,6
4231,6
4232,6
4233,6
4234,6
4235,6
4236,6
4237,6
4238,6
4239,6
4240,6
4241,6
4242,6
4243,6
4244,6
4245,6
4246,6
4247,6
4248,6
4249,6
4250,6
4251,6
4252,6
4253,6
4254,6
4255,6
4256,6
4257,6
4258,6
4259,6
4260,6
4261,6
4262,6
4263,6
4264,6
4265,6
4266,6
4267,6
4268,6
4269,6
4270,6
4271,6
4272,6
4273,6
4274,6
4275,6
4276,6
4277,6
4278,6
4279,6
4280,6
4281,6
4282,6
4283,6
4284,6
4285,6
4286,6
4287,6
4288,6
4289,6
4290,6
4291,6
4292,6
4293,6
4294,6
4295,6
4296,8
4297,8
4298,8
4299,8
4300,8
4301,8
4302,8
4303,8
4304,8
4305,8
4306,8
4307,8
4308,8
4309,8
4310,8
4311,8
4312,8
4313,8
4314,8
4315,8
4316,8
4317,8
4318,8
4319,8
4320,8
4321,8
4322,8
4323,8
4324,8
4325,8
4326,8
4327,8
4328,8
4329,8
4330,8
4331,8
4332,8
4333,8
4334,8
4335,8
4336,8
4337,8
4338,8
4339,8
4340,8
4341,8
4342,8
4343,8
4344,8
4345,8
4346,8
4347,8
4348,8
4349,8
4350,8
4351,8
4352,8
4353,8
4354,8
4355,8
4356,8
4357,8
4358,8
4359,8
4360,8
4361,8
4362,8
4363,8
4364,8
4365,8
4366,8
4367,8
4368,8
4369,8
4370,8
4371,8
4372,8
4373,8
4374,8
4375,8
4376,8
4377,8
4378,8
4379,8
4380,8
4381,8
4382,8
4383,8
4384,8
4385,8
4386,8
4387,8
4388,8
4389,8
4390,8
4391,8
4392,8
4393,8
4394,8
4395,8
4396,8
4397,8
4398,8
4399,8
4400,8
4401,8
4402,8
4403,8
4404,8
4405,8
4406,8
4407,8
4408,8
4409,8
4410,8
4411,8
4412,8
4413,8
4414,8
4415,8
4416,8
4417,8
4418,8
4419,8
4420,8
4421,8
4422,8
4423,8
4424,8
4425,8
4426,8
4427,8
4428,8
4429,8
4430,8
4431,8
4432,8
4433,8
4434,8
4435,8
4436,8
4437,8
4438,8
4439,8
4440,8
4441,8
4442,8
4443,8
4444,8
4445,8
4446,8
4447,8
4448,8
4449,8
4450,8
4451,8
4452,8
4453,8
4454,8
4455,8
4456,8
4457,8
4458,8
4459,8
4460,8
4461,8
4462,8
4463,8
4464,8
4465,8
4466,8
4467,8
4468,8
4469,8
4470,8
4471,8
4472,8
4473,8
4474,8
4475,8
4476,8
4477,8
4478,8
4479,8
4480,8
4481,8
4482,8
4483,8
4484,8
4485,8
4486,8
4487,8
4488,8
4489,8
4490,8
4491,8
4492,8
4493,8
4494,8
4495,8
4496,8
4497,8
4498,8
4499,8
4500,8
4501,8
4502,8
4503,8
4504,8
4505,8
4506,8
4507,8
4508,8
4509,8
4510,8
4511,8
4512,8
4513,8
4514,8
4515,8
4516,8
4517,8
4518,8
4519,8
4520,8
4521,8
4522,8
4523,8
4524,8
4525,8
4526,8
4527,8
4528,8
4529,8
4530,8
4531,9
4532,9
4533,9
4534,9
4535,9
4536,9
4537,9
4538,9
4539,9
4540,9
4541,9
4542,9
4543,9
4544,9
4545,9
4546,9
4547,9
4548,9
4549,9
4550,9
4551,9
4552,9
4553,9
4554,9
4555,9
4556,9
4557,9
4558,9
4559,9
4560,9
4561,9
4562,9
4563,9
4564,9
4565,9
4566,9
4567,9
4568,9
4569,9
4570,9
4571,9
4572,9
4573,9
4574,9
4575,9
4576,9
4577,9
4578,9
4579,9
4580,9
4581,9
4582,9
4583,9
4584,9
4585,9
4586,9
4587,9
4588,9
4589,9
4590,9
4591,9
4592,9
4593,9
4594,9
4595,9
4596,9
4597,9
4598,9
4599,9
4600,9
4601,9
4602,9
4603,9
4604,9
4605,9
4606,9
4607,9
4608,9
4609,9
4610,9
4611,9
4612,9
4613,9
4614,9
4615,9
4616,9
4617,9
4618,9
4619,9
4620,9
4621,9
4622,9
4623,9
4624,9
4625,9
4626,9
4627,9
4628,9
4629,9
4630,9
4631,9
4632,9
4633,9
4634,9
4635,9
4636,9
4637,9
4638,9
4639,9
4640,9
4641,9
4642,9
4643,9
4644,9
4645,9
4646,9
4647,9
4648,9
4649,9
4650,9
4651,9
4652,9
4653,9
4654,9
4655,9
4656,9
4657,9
4658,9
4659,9
4660,9
4661,9
4662,9
4663,9
4664,9
4665,9
4666,9
4667,9
4668,9
4669,9
4670,9
4671,9
4672,9
4673,9
4674,9
4675,9
4676,9
4677,9
4678,9
4679,9
4680,9
4681,9
4682,9
4683,9
4684,9
4685,9
4686,9
4687,9
4688,9
4689,9
4690,9
4691,9
4692,9
4693,9
4694,9
4695,9
4696,9
4697,9
4698,9
4699,9
4700,9
4701,9
4702,9
4703,9
4704,9
4705,9
4706,9
4707,9
4708,9
4709,9
4710,9
4711,9
4712,9
4713,9
4714,9
4715,9
4716,9
4717,9
4718,9
4719,9
4720,9
4721,9
4722,9
4723,9
4724,9
4725,9
4726,9
4727,9
4728,9
4729,9
4730,9
4731,9
4732,9
4733,9
4734,9
4735,9
4736,9
4737,9
4738,9
4739,9
4740,9
4741,9
4742,9
4743,9
4744,9
4745,9
4746,9
4747,9
4748,9
4749,9
4750,9
4751,9
4752,9
4753,9
4754,9
4755,9
4756,9
4757,9
4758,9
4759,9
4760,9
4761,9
4762,9
4763,9
4764,9
4765,9
4766,8
4767,8
4768,8
4769,8
4770,8
4771,8
4772,8
4773,8
4774,8
4775,8
4776,8
4777,8
4778,8
4779,8
4780,8
4781,8
4782,8
4783,8
4784,8
4785,8
4786,8
4787,8
4788,8
4789,8
4790,8
4791,8
4792,8
4793,8
4794,8
4795,8
4796,8
4797,8
4798,8
4799,8
4800,8
4801,8
4802,8
4803,8
4804,8
4805,8
4806,8
4807,8
4808,8
4809,8
4810,8
4811,8
4812,8
4813,8
4814,8
4815,8
4816,8
4817,8
4818,8
4819,8
4820,8
4821,8
4822,8
4823,8
4824,8
4825,8
4826,8
4827,8
4828,8
4829,8
4830,8
4831,8
4832,8
4833,8
4834,8
4835,8
4836,8
4837,8
4838,8
4839,8
4840,8
4841,8
4842,8
4843,8
4844,8
4845,8
4846,8
4847,8
4848,8
4849,8
4850,8
4851,8
4852,8
4853,8
4854,8
4855,8
4856,8
4857,8
4858,8
4859,8
4860,8
4861,8
4862,8
4863,8
4864,8
4865,8
4866,8
4867,8
4868,8
4869,8
4870,8
4871,8
4872,8
4873,8
4874,8
4875,8
4876,8
4877,8
4878,8
4879,8
4880,8
4881,8
4882,8
4883,8
4884,8
4885,8
4886,8
4887,8
4888,8
4889,8
4890,8
4891,8
4892,8
4893,8
4894,8
4895,8
4896,8
4897,8
4898,8
4899,8
4900,8
4901,8
4902,8
4903,8
4904,8
4905,8
4906,8
4907,8
4908,8
4909,8
4910,8
4911,8
4912,8
4913,8
4914,8
4915,8
4916,8
4917,8
4918,8
4919,8
4920,8
4921,8
4922,8
4923,8
4924,8
4925,8
4926,8
4927,8
4928,8
4929,8
4930,8
4931,8
4932,8
4933,8
4934,8
4935,8
4936,8
4937,8
4938,8
4939,8
4940,8
4941,8
4942,8
4943,8
4944,8
4945,8
4946,8
4947,8
4948,8
4949,8
4950,8
4951,8
4952,8
4953,8
4954,8
4955,8
4956,8
4957,8
4958,8
4959,8
4960,8
4961,8
4962,8
4963,8
4964,8
4965,8
4966,8
4967,8
4968,8
4969,8
4970,8
4971,8
4972,8
4973,8
4974,8
4975,8
4976,8
4977,8
4978,8
4979,8
4980,8
4981,8
4982,8
4983,8
4984,8
4985,8
4986,8
4987,8
4988,8
4989,8
4990,8
4991,8
4992,8
4993,8
4994,8
4995,8
4996,8
4997,8
4998,8
4999,8
5000,8
5001,52
5002,52
5003,52
5004,52
5005,52
